{
    "NEXT_SLIDE": [
        [
            0.0,
            0.0
        ],
        [
            -0.36072767156369745,
            -0.09776731285371239
        ],
        [
            -0.6843711899759868,
            -0.30341579851152123
        ],
        [
            -0.9237325421350757,
            -0.4584949844174098
        ],
        [
            -1.1496087476936525,
            -0.5495197239708662
        ],
        [
            -0.46186627106753786,
            -0.8832771023335395
        ],
        [
            -0.6169454569734265,
            -1.2372622005969809
        ],
        [
            -0.6978563365764988,
            -1.456395832855302
        ],
        [
            -0.7652820695790591,
            -1.6553017452128547
        ],
        [
            -0.23936135215908896,
            -0.9709305552368679
        ],
        [
            -0.34049995166292935,
            -1.3721136666021014
        ],
        [
            -0.4011831113652336,
            -1.6283314520118306
        ],
        [
            -0.45512369776728184,
            -1.8440937976200233
        ],
        [
            -0.01011385995038404,
            -0.9507028353360998
        ],
        [
            -0.05394058640204821,
            -1.3316582268005652
        ],
        [
            -0.09102473955345637,
            -1.5676482923095263
        ],
        [
            -0.1247376060547365,
            -1.7732967779673352
        ],
        [
            0.21239105895806484,
            -0.8563068091325154
        ],
        [
            0.2629603587099851,
            -1.1462374610435246
        ],
        [
            0.27981679196062514,
            -1.3282869401504374
        ],
        [
            0.27981679196062514,
            -1.496851272656838
        ]
    ],
    "PREV_SLIDE": [
        [
            0.0,
            0.0
        ],
        [
            -0.25136687349037123,
            -0.15006977521813208
        ],
        [
            -0.3676709492844236,
            -0.39393315994759676
        ],
        [
            -0.19133896340311843,
            -0.6227895671552482
        ],
        [
            0.007503488760906605,
            -0.8141285305583666
        ],
        [
            -0.3113947835776241,
            -0.9641983057764987
        ],
        [
            -0.4126918818498633,
            -1.3806419320068153
        ],
        [
            -0.4652163031762095,
            -1.6282570611167333
        ],
        [
            -0.4764715363175694,
            -1.8533617239439313
        ],
        [
            -0.06377965446770614,
            -0.9979640052005785
        ],
        [
            -0.09379360951133256,
            -1.5082012409422276
        ],
        [
            -0.09379360951133256,
            -1.7858303250957719
        ],
        [
            -0.07128314322861275,
            -2.0146867323034234
        ],
        [
            0.1425662864572255,
            -0.8929151625478859
        ],
        [
            0.18758721902266512,
            -1.2080616905059633
        ],
        [
            0.08629012075042596,
            -0.9529430726351388
        ],
        [
            0.026262210663173118,
            -0.757852364851567
        ],
        [
            0.3113947835776241,
            -0.7015761991447675
        ],
        [
            0.30013955043626417,
            -0.8741564406456195
        ],
        [
            0.19133896340311843,
            -0.694072710383861
        ],
        [
            0.12380756455495898,
            -0.5327477020243689
        ]
    ],
    "VOL_UP": [
        [
            0.0,
            0.0
        ],
        [
            -0.36117832468786176,
            -0.11820381535239112
        ],
        [
            -0.6501209844381511,
            -0.2889426597502894
        ],
        [
            -0.879961736512245,
            -0.37759552126458273
        ],
        [
            -1.0966687313249621,
            -0.4366974289407783
        ],
        [
            -0.4629649434635319,
            -0.8733948578815566
        ],
        [
            -0.7584744818445097,
            -1.0375668236487665
        ],
        [
            -1.0014489911799802,
            -1.080251534748241
        ],
        [
            -1.2148725466773531,
            -1.129503124478404
        ],
        [
            -0.36117832468786176,
            -0.9324967655577522
        ],
        [
            -0.7880254356826074,
            -0.8142929502053611
        ],
        [
            -0.6895222562222815,
            -0.5384840477164484
        ],
        [
            -0.5220668511397274,
            -0.48923245798628545
        ],
        [
            -0.2758089024889126,
            -0.9193630082963753
        ],
        [
            -0.7190732100603793,
            -0.7551910425291655
        ],
        [
            -0.581168758815923,
            -0.5122165331936949
        ],
        [
            -0.4038630357873363,
            -0.49579933661697384
        ],
        [
            -0.21014011618202866,
            -0.8701114185662124
        ],
        [
            -0.5778853195005788,
            -0.7092228921143467
        ],
        [
            -0.48923245798628545,
            -0.5187834118243833
        ],
        [
            -0.34476112811114074,
            -0.49908277593231803
        ]
    ],
    "VOL_DOWN": [
        [
            0.0,
            0.0
        ],
        [
            -0.27357475972773704,
            -0.13042517614926996
        ],
        [
            -0.5121573990251821,
            -0.3721889173040143
        ],
        [
            -0.7889132606102184,
            -0.48670858416678797
        ],
        [
            -1.0147714924784663,
            -0.5439684175981747
        ],
        [
            -0.3531023061602187,
            -0.8684408070427001
        ],
        [
            -0.6362203714598536,
            -0.9606927609043788
        ],
        [
            -0.820724279183211,
            -0.8175431773259118
        ],
        [
            -0.9288817423313861,
            -0.6648502881755469
        ],
        [
            -0.22903933372554727,
            -0.9734171683335759
        ],
        [
            -0.42626764887810187,
            -1.3169761689218968
        ],
        [
            -0.6171337603160579,
            -1.546015502647444
        ],
        [
            -0.7984565661821161,
            -1.7082516973697066
        ],
        [
            -0.08588975014708022,
            -0.9479683534751817
        ],
        [
            -0.07634644457518243,
            -1.3424249837802908
        ],
        [
            -0.12088187057737217,
            -1.6191808453653271
        ],
        [
            -0.18450390772335754,
            -1.8323146698043782
        ],
        [
            0.03181101857299268,
            -0.8525352977562037
        ],
        [
            0.15269288915036486,
            -1.1451966686277364
        ],
        [
            0.19086611143795607,
            -1.3710549004959844
        ],
        [
            0.20359051886715313,
            -1.5937320305069331
        ]
    ],